jeux;date;affluence;compteur_date
Olympiques;2024-07-24T00:00:00Z;0;1
Olympiques;2024-07-24T01:00:00Z;0;2
Olympiques;2024-07-24T02:00:00Z;0;3
Olympiques;2024-07-24T03:00:00Z;0;4
Olympiques;2024-07-24T04:00:00Z;0;5
Olympiques;2024-07-24T05:00:00Z;0;6
Olympiques;2024-07-24T06:00:00Z;0;7
Olympiques;2024-07-24T07:00:00Z;0;8
Olympiques;2024-07-24T08:00:00Z;0;9
Olympiques;2024-07-24T09:00:00Z;0;10
Olympiques;2024-07-24T10:00:00Z;0;11
Olympiques;2024-07-24T11:00:00Z;0;12
Olympiques;2024-07-24T12:00:00Z;0;13
Olympiques;2024-07-24T13:00:00Z;0;14
Olympiques;2024-07-24T14:00:00Z;0;15
Olympiques;2024-07-24T15:00:00Z;89891;16
Olympiques;2024-07-24T16:00:00Z;166974;17
Olympiques;2024-07-24T17:00:00Z;240625;18
Olympiques;2024-07-24T18:00:00Z;150734;19
Olympiques;2024-07-24T19:00:00Z;251920;20
Olympiques;2024-07-24T20:00:00Z;178269;21
Olympiques;2024-07-24T21:00:00Z;293589;22
Olympiques;2024-07-24T22:00:00Z;192403;23
Olympiques;2024-07-24T23:00:00Z;115320;24
Olympiques;2024-07-25T00:00:00Z;0;25
Olympiques;2024-07-25T01:00:00Z;0;26
Olympiques;2024-07-25T02:00:00Z;0;27
Olympiques;2024-07-25T03:00:00Z;0;28
Olympiques;2024-07-25T04:00:00Z;0;29
Olympiques;2024-07-25T05:00:00Z;0;30
Olympiques;2024-07-25T06:00:00Z;0;31
Olympiques;2024-07-25T07:00:00Z;0;32
Olympiques;2024-07-25T08:00:00Z;0;33
Olympiques;2024-07-25T09:00:00Z;12000;34
Olympiques;2024-07-25T10:00:00Z;20000;35
Olympiques;2024-07-25T11:00:00Z;20000;36
Olympiques;2024-07-25T12:00:00Z;20000;37
Olympiques;2024-07-25T13:00:00Z;0;38
Olympiques;2024-07-25T14:00:00Z;89083;39
Olympiques;2024-07-25T15:00:00Z;97083;40
Olympiques;2024-07-25T16:00:00Z;97083;41
Olympiques;2024-07-25T17:00:00Z;176521;42
Olympiques;2024-07-25T18:00:00Z;79438;43
Olympiques;2024-07-25T19:00:00Z;200832;44
Olympiques;2024-07-25T20:00:00Z;198477;45
Olympiques;2024-07-25T21:00:00Z;293841;46
Olympiques;2024-07-25T22:00:00Z;184447;47
Olympiques;2024-07-25T23:00:00Z;172447;48
Olympiques;2024-07-26T00:00:00Z;0;49
Olympiques;2024-07-26T01:00:00Z;0;50
Olympiques;2024-07-26T02:00:00Z;0;51
Olympiques;2024-07-26T03:00:00Z;0;52
Olympiques;2024-07-26T04:00:00Z;0;53
Olympiques;2024-07-26T05:00:00Z;0;54
Olympiques;2024-07-26T06:00:00Z;0;55
Olympiques;2024-07-26T07:00:00Z;0;56
Olympiques;2024-07-26T08:00:00Z;0;57
Olympiques;2024-07-26T09:00:00Z;0;58
Olympiques;2024-07-26T10:00:00Z;0;59
Olympiques;2024-07-26T11:00:00Z;0;60
Olympiques;2024-07-26T12:00:00Z;0;61
Olympiques;2024-07-26T13:00:00Z;0;62
Olympiques;2024-07-26T14:00:00Z;0;63
Olympiques;2024-07-26T15:00:00Z;0;64
Olympiques;2024-07-26T16:00:00Z;0;65
Olympiques;2024-07-26T17:00:00Z;0;66
Olympiques;2024-07-26T18:00:00Z;0;67
Olympiques;2024-07-26T19:00:00Z;0;68
Olympiques;2024-07-26T20:00:00Z;326000;69
Olympiques;2024-07-26T21:00:00Z;326000;70
Olympiques;2024-07-26T22:00:00Z;326000;71
Olympiques;2024-07-26T23:00:00Z;326000;72
Olympiques;2024-07-27T00:00:00Z;0;73
Olympiques;2024-07-27T01:00:00Z;0;74
Olympiques;2024-07-27T02:00:00Z;0;75
Olympiques;2024-07-27T03:00:00Z;0;76
Olympiques;2024-07-27T04:00:00Z;0;77
Olympiques;2024-07-27T05:00:00Z;0;78
Olympiques;2024-07-27T06:00:00Z;0;79
Olympiques;2024-07-27T07:00:00Z;600;80
Olympiques;2024-07-27T08:00:00Z;600;81
Olympiques;2024-07-27T09:00:00Z;58950;82
Olympiques;2024-07-27T10:00:00Z;104556;83
Olympiques;2024-07-27T11:00:00Z;187056;84
Olympiques;2024-07-27T12:00:00Z;268404;85
Olympiques;2024-07-27T13:00:00Z;256554;86
Olympiques;2024-07-27T14:00:00Z;233764;87
Olympiques;2024-07-27T15:00:00Z;436677;88
Olympiques;2024-07-27T16:00:00Z;360033;89
Olympiques;2024-07-27T17:00:00Z;482761;90
Olympiques;2024-07-27T18:00:00Z;391623;91
Olympiques;2024-07-27T19:00:00Z;495155;92
Olympiques;2024-07-27T20:00:00Z;314325;93
Olympiques;2024-07-27T21:00:00Z;358560;94
Olympiques;2024-07-27T22:00:00Z;238240;95
Olympiques;2024-07-27T23:00:00Z;123990;96
Olympiques;2024-07-28T00:00:00Z;0;97
Olympiques;2024-07-28T01:00:00Z;0;98
Olympiques;2024-07-28T02:00:00Z;0;99
Olympiques;2024-07-28T03:00:00Z;0;100
Olympiques;2024-07-28T04:00:00Z;0;101
Olympiques;2024-07-28T05:00:00Z;0;102
Olympiques;2024-07-28T06:00:00Z;0;103
Olympiques;2024-07-28T07:00:00Z;600;104
Olympiques;2024-07-28T08:00:00Z;600;105
Olympiques;2024-07-28T09:00:00Z;68310;106
Olympiques;2024-07-28T10:00:00Z;140916;107
Olympiques;2024-07-28T11:00:00Z;238178;108
Olympiques;2024-07-28T12:00:00Z;315026;109
Olympiques;2024-07-28T13:00:00Z;304676;110
Olympiques;2024-07-28T14:00:00Z;255166;111
Olympiques;2024-07-28T15:00:00Z;275670;112
Olympiques;2024-07-28T16:00:00Z;270109;113
Olympiques;2024-07-28T17:00:00Z;403371;114
Olympiques;2024-07-28T18:00:00Z;412559;115
Olympiques;2024-07-28T19:00:00Z;478562;116
Olympiques;2024-07-28T20:00:00Z;257656;117
Olympiques;2024-07-28T21:00:00Z;423015;118
Olympiques;2024-07-28T22:00:00Z;364364;119
Olympiques;2024-07-28T23:00:00Z;175281;120
Olympiques;2024-07-29T00:00:00Z;0;121
Olympiques;2024-07-29T01:00:00Z;0;122
Olympiques;2024-07-29T02:00:00Z;0;123
Olympiques;2024-07-29T03:00:00Z;0;124
Olympiques;2024-07-29T04:00:00Z;0;125
Olympiques;2024-07-29T05:00:00Z;0;126
Olympiques;2024-07-29T06:00:00Z;0;127
Olympiques;2024-07-29T07:00:00Z;600;128
Olympiques;2024-07-29T08:00:00Z;600;129
Olympiques;2024-07-29T09:00:00Z;47810;130
Olympiques;2024-07-29T10:00:00Z;125916;131
Olympiques;2024-07-29T11:00:00Z;223178;132
Olympiques;2024-07-29T12:00:00Z;263026;133
Olympiques;2024-07-29T13:00:00Z;227176;134
Olympiques;2024-07-29T14:00:00Z;303749;135
Olympiques;2024-07-29T15:00:00Z;304253;136
Olympiques;2024-07-29T16:00:00Z;273609;137
Olympiques;2024-07-29T17:00:00Z;259259;138
Olympiques;2024-07-29T18:00:00Z;186364;139
Olympiques;2024-07-29T19:00:00Z;188716;140
Olympiques;2024-07-29T20:00:00Z;199005;141
Olympiques;2024-07-29T21:00:00Z;240005;142
Olympiques;2024-07-29T22:00:00Z;235005;143
Olympiques;2024-07-29T23:00:00Z;143005;144
Olympiques;2024-07-30T00:00:00Z;0;145
Olympiques;2024-07-30T01:00:00Z;0;146
Olympiques;2024-07-30T02:00:00Z;0;147
Olympiques;2024-07-30T03:00:00Z;0;148
Olympiques;2024-07-30T04:00:00Z;0;149
Olympiques;2024-07-30T05:00:00Z;0;150
Olympiques;2024-07-30T06:00:00Z;0;151
Olympiques;2024-07-30T07:00:00Z;600;152
Olympiques;2024-07-30T08:00:00Z;1600;153
Olympiques;2024-07-30T09:00:00Z;48810;154
Olympiques;2024-07-30T10:00:00Z;111666;155
Olympiques;2024-07-30T11:00:00Z;204428;156
Olympiques;2024-07-30T12:00:00Z;243526;157
Olympiques;2024-07-30T13:00:00Z;224676;158
Olympiques;2024-07-30T14:00:00Z;251666;159
Olympiques;2024-07-30T15:00:00Z;440179;160
Olympiques;2024-07-30T16:00:00Z;377535;161
Olympiques;2024-07-30T17:00:00Z;435299;162
Olympiques;2024-07-30T18:00:00Z;372811;163
Olympiques;2024-07-30T19:00:00Z;500272;164
Olympiques;2024-07-30T20:00:00Z;289364;165
Olympiques;2024-07-30T21:00:00Z;367680;166
Olympiques;2024-07-30T22:00:00Z;251071;167
Olympiques;2024-07-30T23:00:00Z;169071;168
Olympiques;2024-07-31T00:00:00Z;0;169
Olympiques;2024-07-31T01:00:00Z;0;170
Olympiques;2024-07-31T02:00:00Z;0;171
Olympiques;2024-07-31T03:00:00Z;0;172
Olympiques;2024-07-31T04:00:00Z;0;173
Olympiques;2024-07-31T05:00:00Z;0;174
Olympiques;2024-07-31T06:00:00Z;0;175
Olympiques;2024-07-31T07:00:00Z;0;176
Olympiques;2024-07-31T08:00:00Z;1000;177
Olympiques;2024-07-31T09:00:00Z;125710;178
Olympiques;2024-07-31T10:00:00Z;200066;179
Olympiques;2024-07-31T11:00:00Z;277828;180
Olympiques;2024-07-31T12:00:00Z;266926;181
Olympiques;2024-07-31T13:00:00Z;329076;182
Olympiques;2024-07-31T14:00:00Z;318066;183
Olympiques;2024-07-31T15:00:00Z;260570;184
Olympiques;2024-07-31T16:00:00Z;194926;185
Olympiques;2024-07-31T17:00:00Z;264399;186
Olympiques;2024-07-31T18:00:00Z;501837;187
Olympiques;2024-07-31T19:00:00Z;600298;188
Olympiques;2024-07-31T20:00:00Z;276281;189
Olympiques;2024-07-31T21:00:00Z;478645;190
Olympiques;2024-07-31T22:00:00Z;468036;191
Olympiques;2024-07-31T23:00:00Z;302036;192
Olympiques;2024-08-01T00:00:00Z;0;193
Olympiques;2024-08-01T01:00:00Z;0;194
Olympiques;2024-08-01T02:00:00Z;0;195
Olympiques;2024-08-01T03:00:00Z;0;196
Olympiques;2024-08-01T04:00:00Z;0;197
Olympiques;2024-08-01T05:00:00Z;0;198
Olympiques;2024-08-01T06:00:00Z;0;199
Olympiques;2024-08-01T07:00:00Z;0;200
Olympiques;2024-08-01T08:00:00Z;3349;201
Olympiques;2024-08-01T09:00:00Z;79779;202
Olympiques;2024-08-01T10:00:00Z;157885;203
Olympiques;2024-08-01T11:00:00Z;251647;204
Olympiques;2024-08-01T12:00:00Z;277834;205
Olympiques;2024-08-01T13:00:00Z;260684;206
Olympiques;2024-08-01T14:00:00Z;208324;207
Olympiques;2024-08-01T15:00:00Z;214828;208
Olympiques;2024-08-01T16:00:00Z;180184;209
Olympiques;2024-08-01T17:00:00Z;200334;210
Olympiques;2024-08-01T18:00:00Z;208122;211
Olympiques;2024-08-01T19:00:00Z;176354;212
Olympiques;2024-08-01T20:00:00Z;124922;213
Olympiques;2024-08-01T21:00:00Z;165922;214
Olympiques;2024-08-01T22:00:00Z;165922;215
Olympiques;2024-08-01T23:00:00Z;39822;216
Olympiques;2024-08-02T00:00:00Z;0;217
Olympiques;2024-08-02T01:00:00Z;0;218
Olympiques;2024-08-02T02:00:00Z;0;219
Olympiques;2024-08-02T03:00:00Z;0;220
Olympiques;2024-08-02T04:00:00Z;0;221
Olympiques;2024-08-02T05:00:00Z;0;222
Olympiques;2024-08-02T06:00:00Z;0;223
Olympiques;2024-08-02T07:00:00Z;0;224
Olympiques;2024-08-02T08:00:00Z;0;225
Olympiques;2024-08-02T09:00:00Z;83430;226
Olympiques;2024-08-02T10:00:00Z;231369;227
Olympiques;2024-08-02T11:00:00Z;304131;228
Olympiques;2024-08-02T12:00:00Z;344305;229
Olympiques;2024-08-02T13:00:00Z;295305;230
Olympiques;2024-08-02T14:00:00Z;225512;231
Olympiques;2024-08-02T15:00:00Z;270792;232
Olympiques;2024-08-02T16:00:00Z;204148;233
Olympiques;2024-08-02T17:00:00Z;275334;234
Olympiques;2024-08-02T18:00:00Z;347243;235
Olympiques;2024-08-02T19:00:00Z;347093;236
Olympiques;2024-08-02T20:00:00Z;316585;237
Olympiques;2024-08-02T21:00:00Z;298399;238
Olympiques;2024-08-02T22:00:00Z;286149;239
Olympiques;2024-08-02T23:00:00Z;39822;240
Olympiques;2024-08-03T00:00:00Z;0;241
Olympiques;2024-08-03T01:00:00Z;0;242
Olympiques;2024-08-03T02:00:00Z;0;243
Olympiques;2024-08-03T03:00:00Z;0;244
Olympiques;2024-08-03T04:00:00Z;0;245
Olympiques;2024-08-03T05:00:00Z;0;246
Olympiques;2024-08-03T06:00:00Z;0;247
Olympiques;2024-08-03T07:00:00Z;0;248
Olympiques;2024-08-03T08:00:00Z;8356;249
Olympiques;2024-08-03T09:00:00Z;88286;250
Olympiques;2024-08-03T10:00:00Z;230869;251
Olympiques;2024-08-03T11:00:00Z;306980;252
Olympiques;2024-08-03T12:00:00Z;285192;253
Olympiques;2024-08-03T13:00:00Z;293192;254
Olympiques;2024-08-03T14:00:00Z;275482;255
Olympiques;2024-08-03T15:00:00Z;326902;256
Olympiques;2024-08-03T16:00:00Z;304118;257
Olympiques;2024-08-03T17:00:00Z;286221;258
Olympiques;2024-08-03T18:00:00Z;277621;259
Olympiques;2024-08-03T19:00:00Z;337353;260
Olympiques;2024-08-03T20:00:00Z;248913;261
Olympiques;2024-08-03T21:00:00Z;245727;262
Olympiques;2024-08-03T22:00:00Z;238477;263
Olympiques;2024-08-03T23:00:00Z;12000;264
Olympiques;2024-08-04T00:00:00Z;0;265
Olympiques;2024-08-04T01:00:00Z;0;266
Olympiques;2024-08-04T02:00:00Z;0;267
Olympiques;2024-08-04T03:00:00Z;0;268
Olympiques;2024-08-04T04:00:00Z;0;269
Olympiques;2024-08-04T05:00:00Z;0;270
Olympiques;2024-08-04T06:00:00Z;0;271
Olympiques;2024-08-04T07:00:00Z;0;272
Olympiques;2024-08-04T08:00:00Z;0;273
Olympiques;2024-08-04T09:00:00Z;79930;274
Olympiques;2024-08-04T10:00:00Z;205763;275
Olympiques;2024-08-04T11:00:00Z;251025;276
Olympiques;2024-08-04T12:00:00Z;233127;277
Olympiques;2024-08-04T13:00:00Z;253987;278
Olympiques;2024-08-04T14:00:00Z;196403;279
Olympiques;2024-08-04T15:00:00Z;203253;280
Olympiques;2024-08-04T16:00:00Z;146393;281
Olympiques;2024-08-04T17:00:00Z;159253;282
Olympiques;2024-08-04T18:00:00Z;130153;283
Olympiques;2024-08-04T19:00:00Z;205167;284
Olympiques;2024-08-04T20:00:00Z;133333;285
Olympiques;2024-08-04T21:00:00Z;168193;286
Olympiques;2024-08-04T22:00:00Z;163193;287
Olympiques;2024-08-04T23:00:00Z;24860;288
Olympiques;2024-08-05T00:00:00Z;0;289
Olympiques;2024-08-05T01:00:00Z;0;290
Olympiques;2024-08-05T02:00:00Z;0;291
Olympiques;2024-08-05T03:00:00Z;0;292
Olympiques;2024-08-05T04:00:00Z;0;293
Olympiques;2024-08-05T05:00:00Z;0;294
Olympiques;2024-08-05T06:00:00Z;0;295
Olympiques;2024-08-05T07:00:00Z;0;296
Olympiques;2024-08-05T08:00:00Z;1000;297
Olympiques;2024-08-05T09:00:00Z;29360;298
Olympiques;2024-08-05T10:00:00Z;154793;299
Olympiques;2024-08-05T11:00:00Z;162555;300
Olympiques;2024-08-05T12:00:00Z;169695;301
Olympiques;2024-08-05T13:00:00Z;182705;302
Olympiques;2024-08-05T14:00:00Z;108622;303
Olympiques;2024-08-05T15:00:00Z;134828;304
Olympiques;2024-08-05T16:00:00Z;91968;305
Olympiques;2024-08-05T17:00:00Z;101328;306
Olympiques;2024-08-05T18:00:00Z;151516;307
Olympiques;2024-08-05T19:00:00Z;218599;308
Olympiques;2024-08-05T20:00:00Z;193477;309
Olympiques;2024-08-05T21:00:00Z;226693;310
Olympiques;2024-08-05T22:00:00Z;154299;311
Olympiques;2024-08-05T23:00:00Z;53860;312
Olympiques;2024-08-06T00:00:00Z;0;313
Olympiques;2024-08-06T01:00:00Z;0;314
Olympiques;2024-08-06T02:00:00Z;0;315
Olympiques;2024-08-06T03:00:00Z;0;316
Olympiques;2024-08-06T04:00:00Z;0;317
Olympiques;2024-08-06T05:00:00Z;0;318
Olympiques;2024-08-06T06:00:00Z;0;319
Olympiques;2024-08-06T07:00:00Z;0;320
Olympiques;2024-08-06T08:00:00Z;0;321
Olympiques;2024-08-06T09:00:00Z;12000;322
Olympiques;2024-08-06T10:00:00Z;178083;323
Olympiques;2024-08-06T11:00:00Z;213701;324
Olympiques;2024-08-06T12:00:00Z;174701;325
Olympiques;2024-08-06T13:00:00Z;203701;326
Olympiques;2024-08-06T14:00:00Z;150262;327
Olympiques;2024-08-06T15:00:00Z;152262;328
Olympiques;2024-08-06T16:00:00Z;113262;329
Olympiques;2024-08-06T17:00:00Z;71122;330
Olympiques;2024-08-06T18:00:00Z;192308;331
Olympiques;2024-08-06T19:00:00Z;297747;332
Olympiques;2024-08-06T20:00:00Z;208625;333
Olympiques;2024-08-06T21:00:00Z;218485;334
Olympiques;2024-08-06T22:00:00Z;196261;335
Olympiques;2024-08-06T23:00:00Z;93822;336
Olympiques;2024-08-07T00:00:00Z;0;337
Olympiques;2024-08-07T01:00:00Z;0;338
Olympiques;2024-08-07T02:00:00Z;0;339
Olympiques;2024-08-07T03:00:00Z;0;340
Olympiques;2024-08-07T04:00:00Z;0;341
Olympiques;2024-08-07T05:00:00Z;0;342
Olympiques;2024-08-07T06:00:00Z;0;343
Olympiques;2024-08-07T07:00:00Z;0;344
Olympiques;2024-08-07T08:00:00Z;3349;345
Olympiques;2024-08-07T09:00:00Z;43319;346
Olympiques;2024-08-07T10:00:00Z;182402;347
Olympiques;2024-08-07T11:00:00Z;214671;348
Olympiques;2024-08-07T12:00:00Z;187671;349
Olympiques;2024-08-07T13:00:00Z;217421;350
Olympiques;2024-08-07T14:00:00Z;157982;351
Olympiques;2024-08-07T15:00:00Z;209232;352
Olympiques;2024-08-07T16:00:00Z;177232;353
Olympiques;2024-08-07T17:00:00Z;123092;354
Olympiques;2024-08-07T18:00:00Z;165842;355
Olympiques;2024-08-07T19:00:00Z;226561;356
Olympiques;2024-08-07T20:00:00Z;180689;357
Olympiques;2024-08-07T21:00:00Z;178549;358
Olympiques;2024-08-07T22:00:00Z;215511;359
Olympiques;2024-08-07T23:00:00Z;89072;360
Olympiques;2024-08-08T00:00:00Z;0;361
Olympiques;2024-08-08T01:00:00Z;0;362
Olympiques;2024-08-08T02:00:00Z;0;363
Olympiques;2024-08-08T03:00:00Z;0;364
Olympiques;2024-08-08T04:00:00Z;0;365
Olympiques;2024-08-08T05:00:00Z;0;366
Olympiques;2024-08-08T06:00:00Z;0;367
Olympiques;2024-08-08T07:00:00Z;0;368
Olympiques;2024-08-08T08:00:00Z;1000;369
Olympiques;2024-08-08T09:00:00Z;40970;370
Olympiques;2024-08-08T10:00:00Z;147903;371
Olympiques;2024-08-08T11:00:00Z;185521;372
Olympiques;2024-08-08T12:00:00Z;185521;373
Olympiques;2024-08-08T13:00:00Z;190271;374
Olympiques;2024-08-08T14:00:00Z;94982;375
Olympiques;2024-08-08T15:00:00Z;126082;376
Olympiques;2024-08-08T16:00:00Z;138082;377
Olympiques;2024-08-08T17:00:00Z;188415;378
Olympiques;2024-08-08T18:00:00Z;190165;379
Olympiques;2024-08-08T19:00:00Z;200034;380
Olympiques;2024-08-08T20:00:00Z;198162;381
Olympiques;2024-08-08T21:00:00Z;188549;382
Olympiques;2024-08-08T22:00:00Z;198511;383
Olympiques;2024-08-08T23:00:00Z;89072;384
Olympiques;2024-08-09T00:00:00Z;0;385
Olympiques;2024-08-09T01:00:00Z;0;386
Olympiques;2024-08-09T02:00:00Z;0;387
Olympiques;2024-08-09T03:00:00Z;0;388
Olympiques;2024-08-09T04:00:00Z;0;389
Olympiques;2024-08-09T05:00:00Z;0;390
Olympiques;2024-08-09T06:00:00Z;0;391
Olympiques;2024-08-09T07:00:00Z;0;392
Olympiques;2024-08-09T08:00:00Z;1000;393
Olympiques;2024-08-09T09:00:00Z;40970;394
Olympiques;2024-08-09T10:00:00Z;141903;395
Olympiques;2024-08-09T11:00:00Z;167259;396
Olympiques;2024-08-09T12:00:00Z;167259;397
Olympiques;2024-08-09T13:00:00Z;180159;398
Olympiques;2024-08-09T14:00:00Z;96720;399
Olympiques;2024-08-09T15:00:00Z;187006;400
Olympiques;2024-08-09T16:00:00Z;231006;401
Olympiques;2024-08-09T17:00:00Z;226006;402
Olympiques;2024-08-09T18:00:00Z;279832;403
Olympiques;2024-08-09T19:00:00Z;185365;404
Olympiques;2024-08-09T20:00:00Z;226615;405
Olympiques;2024-08-09T21:00:00Z;241615;406
Olympiques;2024-08-09T22:00:00Z;213651;407
Olympiques;2024-08-09T23:00:00Z;64212;408
Olympiques;2024-08-10T00:00:00Z;NA;409
Olympiques;2024-08-10T01:00:00Z;NA;410
Olympiques;2024-08-10T02:00:00Z;NA;411
Olympiques;2024-08-10T03:00:00Z;NA;412
Olympiques;2024-08-10T04:00:00Z;NA;413
Olympiques;2024-08-10T05:00:00Z;NA;414
Olympiques;2024-08-10T06:00:00Z;NA;415
Olympiques;2024-08-10T07:00:00Z;NA;416
Olympiques;2024-08-10T08:00:00Z;NA;417
Olympiques;2024-08-10T09:00:00Z;NA;418
Olympiques;2024-08-10T10:00:00Z;NA;419
Olympiques;2024-08-10T11:00:00Z;NA;420
Olympiques;2024-08-10T12:00:00Z;NA;421
Olympiques;2024-08-10T13:00:00Z;NA;422
Olympiques;2024-08-10T14:00:00Z;NA;423
Olympiques;2024-08-10T15:00:00Z;NA;424
Olympiques;2024-08-10T16:00:00Z;NA;425
Olympiques;2024-08-10T17:00:00Z;NA;426
Olympiques;2024-08-10T18:00:00Z;NA;427
Olympiques;2024-08-10T19:00:00Z;NA;428
Olympiques;2024-08-10T20:00:00Z;NA;429
Olympiques;2024-08-10T21:00:00Z;NA;430
Olympiques;2024-08-10T22:00:00Z;NA;431
Olympiques;2024-08-10T23:00:00Z;NA;432
Olympiques;2024-08-11T00:00:00Z;NA;433
Olympiques;2024-08-11T01:00:00Z;NA;434
Olympiques;2024-08-11T02:00:00Z;NA;435
Olympiques;2024-08-11T03:00:00Z;NA;436
Olympiques;2024-08-11T04:00:00Z;NA;437
Olympiques;2024-08-11T05:00:00Z;NA;438
Olympiques;2024-08-11T06:00:00Z;NA;439
Olympiques;2024-08-11T07:00:00Z;NA;440
Olympiques;2024-08-11T08:00:00Z;NA;441
Olympiques;2024-08-11T09:00:00Z;NA;442
Olympiques;2024-08-11T10:00:00Z;NA;443
Olympiques;2024-08-11T11:00:00Z;NA;444
Olympiques;2024-08-11T12:00:00Z;NA;445
Olympiques;2024-08-11T13:00:00Z;NA;446
Olympiques;2024-08-11T14:00:00Z;NA;447
Olympiques;2024-08-11T15:00:00Z;NA;448
Olympiques;2024-08-11T16:00:00Z;NA;449
Olympiques;2024-08-11T17:00:00Z;NA;450
Olympiques;2024-08-11T18:00:00Z;NA;451
Olympiques;2024-08-11T19:00:00Z;NA;452
Olympiques;2024-08-11T20:00:00Z;NA;453
Olympiques;2024-08-11T21:00:00Z;NA;454
Olympiques;2024-08-11T22:00:00Z;NA;455
Olympiques;2024-08-11T23:00:00Z;NA;456
Paralympiques;2024-08-24T00:00:00Z;0;457
Paralympiques;2024-08-24T01:00:00Z;0;458
Paralympiques;2024-08-24T02:00:00Z;0;459
Paralympiques;2024-08-24T03:00:00Z;0;460
Paralympiques;2024-08-24T04:00:00Z;0;461
Paralympiques;2024-08-24T05:00:00Z;0;462
Paralympiques;2024-08-24T06:00:00Z;0;463
Paralympiques;2024-08-24T07:00:00Z;0;464
Paralympiques;2024-08-24T08:00:00Z;0;465
Paralympiques;2024-08-24T09:00:00Z;0;466
Paralympiques;2024-08-24T10:00:00Z;0;467
Paralympiques;2024-08-24T11:00:00Z;0;468
Paralympiques;2024-08-24T12:00:00Z;0;469
Paralympiques;2024-08-24T13:00:00Z;0;470
Paralympiques;2024-08-24T14:00:00Z;0;471
Paralympiques;2024-08-24T15:00:00Z;0;472
Paralympiques;2024-08-24T16:00:00Z;0;473
Paralympiques;2024-08-24T17:00:00Z;0;474
Paralympiques;2024-08-24T18:00:00Z;0;475
Paralympiques;2024-08-24T19:00:00Z;0;476
Paralympiques;2024-08-24T20:00:00Z;37000;477
Paralympiques;2024-08-24T21:00:00Z;37000;478
Paralympiques;2024-08-24T22:00:00Z;37000;479
Paralympiques;2024-08-24T23:00:00Z;37000;480
Paralympiques;2024-08-29T00:00:00Z;0;481
Paralympiques;2024-08-29T01:00:00Z;0;482
Paralympiques;2024-08-29T02:00:00Z;0;483
Paralympiques;2024-08-29T03:00:00Z;0;484
Paralympiques;2024-08-29T04:00:00Z;0;485
Paralympiques;2024-08-29T05:00:00Z;0;486
Paralympiques;2024-08-29T06:00:00Z;0;487
Paralympiques;2024-08-29T07:00:00Z;0;488
Paralympiques;2024-08-29T08:00:00Z;0;489
Paralympiques;2024-08-29T09:00:00Z;22650;490
Paralympiques;2024-08-29T10:00:00Z;41900;491
Paralympiques;2024-08-29T11:00:00Z;65900;492
Paralympiques;2024-08-29T12:00:00Z;69456;493
Paralympiques;2024-08-29T13:00:00Z;77456;494
Paralympiques;2024-08-29T14:00:00Z;85256;495
Paralympiques;2024-08-29T15:00:00Z;44156;496
Paralympiques;2024-08-29T16:00:00Z;34650;497
Paralympiques;2024-08-29T17:00:00Z;63100;498
Paralympiques;2024-08-29T18:00:00Z;85256;499
Paralympiques;2024-08-29T19:00:00Z;80256;500
Paralympiques;2024-08-29T20:00:00Z;72256;501
Paralympiques;2024-08-29T21:00:00Z;49456;502
Paralympiques;2024-08-29T22:00:00Z;30850;503
Paralympiques;2024-08-29T23:00:00Z;15000;504
Paralympiques;2024-08-30T00:00:00Z;0;505
Paralympiques;2024-08-30T01:00:00Z;0;506
Paralympiques;2024-08-30T02:00:00Z;0;507
Paralympiques;2024-08-30T03:00:00Z;0;508
Paralympiques;2024-08-30T04:00:00Z;0;509
Paralympiques;2024-08-30T05:00:00Z;0;510
Paralympiques;2024-08-30T06:00:00Z;0;511
Paralympiques;2024-08-30T07:00:00Z;0;512
Paralympiques;2024-08-30T08:00:00Z;0;513
Paralympiques;2024-08-30T09:00:00Z;33950;514
Paralympiques;2024-08-30T10:00:00Z;171283;515
Paralympiques;2024-08-30T11:00:00Z;195283;516
Paralympiques;2024-08-30T12:00:00Z;214001;517
Paralympiques;2024-08-30T13:00:00Z;179963;518
Paralympiques;2024-08-30T14:00:00Z;118480;519
Paralympiques;2024-08-30T15:00:00Z;96630;520
Paralympiques;2024-08-30T16:00:00Z;83874;521
Paralympiques;2024-08-30T17:00:00Z;96524;522
Paralympiques;2024-08-30T18:00:00Z;134980;523
Paralympiques;2024-08-30T19:00:00Z;212063;524
Paralympiques;2024-08-30T20:00:00Z;197101;525
Paralympiques;2024-08-30T21:00:00Z;143539;526
Paralympiques;2024-08-30T22:00:00Z;120333;527
Paralympiques;2024-08-30T23:00:00Z;15000;528
Paralympiques;2024-08-31T00:00:00Z;0;529
Paralympiques;2024-08-31T01:00:00Z;0;530
Paralympiques;2024-08-31T02:00:00Z;0;531
Paralympiques;2024-08-31T03:00:00Z;0;532
Paralympiques;2024-08-31T04:00:00Z;0;533
Paralympiques;2024-08-31T05:00:00Z;0;534
Paralympiques;2024-08-31T06:00:00Z;0;535
Paralympiques;2024-08-31T07:00:00Z;0;536
Paralympiques;2024-08-31T08:00:00Z;0;537
Paralympiques;2024-08-31T09:00:00Z;14850;538
Paralympiques;2024-08-31T10:00:00Z;160683;539
Paralympiques;2024-08-31T11:00:00Z;184683;540
Paralympiques;2024-08-31T12:00:00Z;190001;541
Paralympiques;2024-08-31T13:00:00Z;187963;542
Paralympiques;2024-08-31T14:00:00Z;102880;543
Paralympiques;2024-08-31T15:00:00Z;73780;544
Paralympiques;2024-08-31T16:00:00Z;59774;545
Paralympiques;2024-08-31T17:00:00Z;88024;546
Paralympiques;2024-08-31T18:00:00Z;119380;547
Paralympiques;2024-08-31T19:00:00Z;196463;548
Paralympiques;2024-08-31T20:00:00Z;181501;549
Paralympiques;2024-08-31T21:00:00Z;143539;550
Paralympiques;2024-08-31T22:00:00Z;101083;551
Paralympiques;2024-08-31T23:00:00Z;15000;552
Paralympiques;2024-09-01T00:00:00Z;0;553
Paralympiques;2024-09-01T01:00:00Z;0;554
Paralympiques;2024-09-01T02:00:00Z;0;555
Paralympiques;2024-09-01T03:00:00Z;0;556
Paralympiques;2024-09-01T04:00:00Z;0;557
Paralympiques;2024-09-01T05:00:00Z;0;558
Paralympiques;2024-09-01T06:00:00Z;0;559
Paralympiques;2024-09-01T07:00:00Z;0;560
Paralympiques;2024-09-01T08:00:00Z;0;561
Paralympiques;2024-09-01T09:00:00Z;23650;562
Paralympiques;2024-09-01T10:00:00Z;157233;563
Paralympiques;2024-09-01T11:00:00Z;186233;564
Paralympiques;2024-09-01T12:00:00Z;220611;565
Paralympiques;2024-09-01T13:00:00Z;218573;566
Paralympiques;2024-09-01T14:00:00Z;104290;567
Paralympiques;2024-09-01T15:00:00Z;80290;568
Paralympiques;2024-09-01T16:00:00Z;69224;569
Paralympiques;2024-09-01T17:00:00Z;83774;570
Paralympiques;2024-09-01T18:00:00Z;122930;571
Paralympiques;2024-09-01T19:00:00Z;212873;572
Paralympiques;2024-09-01T20:00:00Z;197911;573
Paralympiques;2024-09-01T21:00:00Z;152149;574
Paralympiques;2024-09-01T22:00:00Z;123793;575
Paralympiques;2024-09-01T23:00:00Z;21850;576
Paralympiques;2024-09-02T00:00:00Z;0;577
Paralympiques;2024-09-02T01:00:00Z;0;578
Paralympiques;2024-09-02T02:00:00Z;0;579
Paralympiques;2024-09-02T03:00:00Z;0;580
Paralympiques;2024-09-02T04:00:00Z;0;581
Paralympiques;2024-09-02T05:00:00Z;0;582
Paralympiques;2024-09-02T06:00:00Z;0;583
Paralympiques;2024-09-02T07:00:00Z;0;584
Paralympiques;2024-09-02T08:00:00Z;0;585
Paralympiques;2024-09-02T09:00:00Z;19350;586
Paralympiques;2024-09-02T10:00:00Z;125433;587
Paralympiques;2024-09-02T11:00:00Z;137433;588
Paralympiques;2024-09-02T12:00:00Z;179611;589
Paralympiques;2024-09-02T13:00:00Z;176573;590
Paralympiques;2024-09-02T14:00:00Z;114290;591
Paralympiques;2024-09-02T15:00:00Z;90290;592
Paralympiques;2024-09-02T16:00:00Z;64224;593
Paralympiques;2024-09-02T17:00:00Z;87274;594
Paralympiques;2024-09-02T18:00:00Z;111430;595
Paralympiques;2024-09-02T19:00:00Z;197873;596
Paralympiques;2024-09-02T20:00:00Z;197911;597
Paralympiques;2024-09-02T21:00:00Z;175149;598
Paralympiques;2024-09-02T22:00:00Z;111793;599
Paralympiques;2024-09-02T23:00:00Z;15000;600
Paralympiques;2024-09-03T00:00:00Z;0;601
Paralympiques;2024-09-03T01:00:00Z;0;602
Paralympiques;2024-09-03T02:00:00Z;0;603
Paralympiques;2024-09-03T03:00:00Z;0;604
Paralympiques;2024-09-03T04:00:00Z;0;605
Paralympiques;2024-09-03T05:00:00Z;0;606
Paralympiques;2024-09-03T06:00:00Z;0;607
Paralympiques;2024-09-03T07:00:00Z;0;608
Paralympiques;2024-09-03T08:00:00Z;0;609
Paralympiques;2024-09-03T09:00:00Z;15800;610
Paralympiques;2024-09-03T10:00:00Z;125383;611
Paralympiques;2024-09-03T11:00:00Z;134383;612
Paralympiques;2024-09-03T12:00:00Z;168205;613
Paralympiques;2024-09-03T13:00:00Z;158367;614
Paralympiques;2024-09-03T14:00:00Z;104084;615
Paralympiques;2024-09-03T15:00:00Z;75084;616
Paralympiques;2024-09-03T16:00:00Z;56224;617
Paralympiques;2024-09-03T17:00:00Z;80424;618
Paralympiques;2024-09-03T18:00:00Z;92724;619
Paralympiques;2024-09-03T19:00:00Z;167705;620
Paralympiques;2024-09-03T20:00:00Z;159743;621
Paralympiques;2024-09-03T21:00:00Z;159743;622
Paralympiques;2024-09-03T22:00:00Z;104943;623
Paralympiques;2024-09-03T23:00:00Z;15000;624
Paralympiques;2024-09-04T00:00:00Z;NA;625
Paralympiques;2024-09-04T01:00:00Z;NA;626
Paralympiques;2024-09-04T02:00:00Z;NA;627
Paralympiques;2024-09-04T03:00:00Z;NA;628
Paralympiques;2024-09-04T04:00:00Z;NA;629
Paralympiques;2024-09-04T05:00:00Z;NA;630
Paralympiques;2024-09-04T06:00:00Z;NA;631
Paralympiques;2024-09-04T07:00:00Z;NA;632
Paralympiques;2024-09-04T08:00:00Z;NA;633
Paralympiques;2024-09-04T09:00:00Z;NA;634
Paralympiques;2024-09-04T10:00:00Z;NA;635
Paralympiques;2024-09-04T11:00:00Z;NA;636
Paralympiques;2024-09-04T12:00:00Z;NA;637
Paralympiques;2024-09-04T13:00:00Z;NA;638
Paralympiques;2024-09-04T14:00:00Z;NA;639
Paralympiques;2024-09-04T15:00:00Z;NA;640
Paralympiques;2024-09-04T16:00:00Z;NA;641
Paralympiques;2024-09-04T17:00:00Z;NA;642
Paralympiques;2024-09-04T18:00:00Z;NA;643
Paralympiques;2024-09-04T19:00:00Z;NA;644
Paralympiques;2024-09-04T20:00:00Z;NA;645
Paralympiques;2024-09-04T21:00:00Z;NA;646
Paralympiques;2024-09-04T22:00:00Z;NA;647
Paralympiques;2024-09-04T23:00:00Z;NA;648
Paralympiques;2024-09-05T00:00:00Z;NA;649
Paralympiques;2024-09-05T01:00:00Z;NA;650
Paralympiques;2024-09-05T02:00:00Z;NA;651
Paralympiques;2024-09-05T03:00:00Z;NA;652
Paralympiques;2024-09-05T04:00:00Z;NA;653
Paralympiques;2024-09-05T05:00:00Z;NA;654
Paralympiques;2024-09-05T06:00:00Z;NA;655
Paralympiques;2024-09-05T07:00:00Z;NA;656
Paralympiques;2024-09-05T08:00:00Z;NA;657
Paralympiques;2024-09-05T09:00:00Z;NA;658
Paralympiques;2024-09-05T10:00:00Z;NA;659
Paralympiques;2024-09-05T11:00:00Z;NA;660
Paralympiques;2024-09-05T12:00:00Z;NA;661
Paralympiques;2024-09-05T13:00:00Z;NA;662
Paralympiques;2024-09-05T14:00:00Z;NA;663
Paralympiques;2024-09-05T15:00:00Z;NA;664
Paralympiques;2024-09-05T16:00:00Z;NA;665
Paralympiques;2024-09-05T17:00:00Z;NA;666
Paralympiques;2024-09-05T18:00:00Z;NA;667
Paralympiques;2024-09-05T19:00:00Z;NA;668
Paralympiques;2024-09-05T20:00:00Z;NA;669
Paralympiques;2024-09-05T21:00:00Z;NA;670
Paralympiques;2024-09-05T22:00:00Z;NA;671
Paralympiques;2024-09-05T23:00:00Z;NA;672
Paralympiques;2024-09-06T00:00:00Z;NA;673
Paralympiques;2024-09-06T01:00:00Z;NA;674
Paralympiques;2024-09-06T02:00:00Z;NA;675
Paralympiques;2024-09-06T03:00:00Z;NA;676
Paralympiques;2024-09-06T04:00:00Z;NA;677
Paralympiques;2024-09-06T05:00:00Z;NA;678
Paralympiques;2024-09-06T06:00:00Z;NA;679
Paralympiques;2024-09-06T07:00:00Z;NA;680
Paralympiques;2024-09-06T08:00:00Z;NA;681
Paralympiques;2024-09-06T09:00:00Z;NA;682
Paralympiques;2024-09-06T10:00:00Z;NA;683
Paralympiques;2024-09-06T11:00:00Z;NA;684
Paralympiques;2024-09-06T12:00:00Z;NA;685
Paralympiques;2024-09-06T13:00:00Z;NA;686
Paralympiques;2024-09-06T14:00:00Z;NA;687
Paralympiques;2024-09-06T15:00:00Z;NA;688
Paralympiques;2024-09-06T16:00:00Z;NA;689
Paralympiques;2024-09-06T17:00:00Z;NA;690
Paralympiques;2024-09-06T18:00:00Z;NA;691
Paralympiques;2024-09-06T19:00:00Z;NA;692
Paralympiques;2024-09-06T20:00:00Z;NA;693
Paralympiques;2024-09-06T21:00:00Z;NA;694
Paralympiques;2024-09-06T22:00:00Z;NA;695
Paralympiques;2024-09-06T23:00:00Z;NA;696
Paralympiques;2024-09-07T00:00:00Z;NA;697
Paralympiques;2024-09-07T01:00:00Z;NA;698
Paralympiques;2024-09-07T02:00:00Z;NA;699
Paralympiques;2024-09-07T03:00:00Z;NA;700
Paralympiques;2024-09-07T04:00:00Z;NA;701
Paralympiques;2024-09-07T05:00:00Z;NA;702
Paralympiques;2024-09-07T06:00:00Z;NA;703
Paralympiques;2024-09-07T07:00:00Z;NA;704
Paralympiques;2024-09-07T08:00:00Z;NA;705
Paralympiques;2024-09-07T09:00:00Z;NA;706
Paralympiques;2024-09-07T10:00:00Z;NA;707
Paralympiques;2024-09-07T11:00:00Z;NA;708
Paralympiques;2024-09-07T12:00:00Z;NA;709
Paralympiques;2024-09-07T13:00:00Z;NA;710
Paralympiques;2024-09-07T14:00:00Z;NA;711
Paralympiques;2024-09-07T15:00:00Z;NA;712
Paralympiques;2024-09-07T16:00:00Z;NA;713
Paralympiques;2024-09-07T17:00:00Z;NA;714
Paralympiques;2024-09-07T18:00:00Z;NA;715
Paralympiques;2024-09-07T19:00:00Z;NA;716
Paralympiques;2024-09-07T20:00:00Z;NA;717
Paralympiques;2024-09-07T21:00:00Z;NA;718
Paralympiques;2024-09-07T22:00:00Z;NA;719
Paralympiques;2024-09-07T23:00:00Z;NA;720
Paralympiques;2024-09-08T00:00:00Z;0;721
Paralympiques;2024-09-08T01:00:00Z;0;722
Paralympiques;2024-09-08T02:00:00Z;0;723
Paralympiques;2024-09-08T03:00:00Z;0;724
Paralympiques;2024-09-08T04:00:00Z;0;725
Paralympiques;2024-09-08T05:00:00Z;0;726
Paralympiques;2024-09-08T06:00:00Z;0;727
Paralympiques;2024-09-08T07:00:00Z;0;728
Paralympiques;2024-09-08T08:00:00Z;8000;729
Paralympiques;2024-09-08T09:00:00Z;14850;730
Paralympiques;2024-09-08T10:00:00Z;38850;731
Paralympiques;2024-09-08T11:00:00Z;53850;732
Paralympiques;2024-09-08T12:00:00Z;53850;733
Paralympiques;2024-09-08T13:00:00Z;32000;734
Paralympiques;2024-09-08T14:00:00Z;21850;735
Paralympiques;2024-09-08T15:00:00Z;21850;736
Paralympiques;2024-09-08T16:00:00Z;21850;737
Paralympiques;2024-09-08T17:00:00Z;6850;738
Paralympiques;2024-09-08T18:00:00Z;0;739
Paralympiques;2024-09-08T19:00:00Z;0;740
Paralympiques;2024-09-08T20:00:00Z;77083;741
Paralympiques;2024-09-08T21:00:00Z;77083;742
Paralympiques;2024-09-08T22:00:00Z;77083;743
Paralympiques;2024-09-08T23:00:00Z;77083;744
